repeat,fold,k,max_depth,f1
1,1,3,3,0.0
1,2,3,3,0.0
1,3,3,3,0.0
2,1,3,3,0.0
2,2,3,3,0.0
2,3,3,3,0.0
3,1,3,3,0.0
3,2,3,3,0.0
3,3,3,3,0.00847457627118644
4,1,3,3,0.0
4,2,3,3,0.0
4,3,3,3,0.00847457627118644
5,1,3,3,0.008438818565400843
5,2,3,3,0.0
5,3,3,3,0.0
6,1,3,3,0.008438818565400843
6,2,3,3,0.008438818565400843
6,3,3,3,0.0
7,1,3,3,0.0
7,2,3,3,0.0
7,3,3,3,0.0
8,1,3,3,0.008438818565400843
8,2,3,3,0.0
8,3,3,3,0.0
9,1,3,3,0.0
9,2,3,3,0.008438818565400843
9,3,3,3,0.0
10,1,3,3,0.008438818565400843
10,2,3,3,0.0
10,3,3,3,0.0
1,1,3,5,0.104
1,2,3,5,0.05761316872427984
1,3,3,5,0.07377049180327869
2,1,3,5,0.049586776859504134
2,2,3,5,0.07258064516129033
2,3,3,5,0.04979253112033195
3,1,3,5,0.06557377049180328
3,2,3,5,0.06557377049180328
3,3,3,5,0.08943089430894309
4,1,3,5,0.04149377593360996
4,2,3,5,0.02510460251046025
4,3,3,5,0.08943089430894309
5,1,3,5,0.05761316872427984
5,2,3,5,0.05761316872427984
5,3,3,5,0.03347280334728033
6,1,3,5,0.05761316872427984
6,2,3,5,0.06557377049180328
6,3,3,5,0.10483870967741936
7,1,3,5,0.08906882591093117
7,2,3,5,0.04149377593360996
7,3,3,5,0.06584362139917696
8,1,3,5,0.08130081300813008
8,2,3,5,0.05761316872427984
8,3,3,5,0.05785123966942149
9,1,3,5,0.04149377593360996
9,2,3,5,0.06557377049180328
9,3,3,5,0.07377049180327869
10,1,3,5,0.05761316872427984
10,2,3,5,0.03333333333333333
10,3,3,5,0.11244979919678715
1,1,3,None,0.7349081364829396
1,2,3,None,0.7422680412371134
1,3,3,None,0.7582697201017812
2,1,3,None,0.7525773195876289
2,2,3,None,0.7338501291989664
2,3,3,None,0.7447916666666666
3,1,3,None,0.7493670886075949
3,2,3,None,0.7660668380462725
3,3,3,None,0.7005347593582888
4,1,3,None,0.6810810810810811
4,2,3,None,0.7582697201017812
4,3,3,None,0.7743589743589744
5,1,3,None,0.7786259541984732
5,2,3,None,0.7214854111405835
5,3,3,None,0.75
6,1,3,None,0.7176781002638523
6,2,3,None,0.7474226804123711
6,3,3,None,0.7786259541984732
7,1,3,None,0.7621483375959079
7,2,3,None,0.7058823529411765
7,3,3,None,0.7324675324675325
8,1,3,None,0.7021276595744681
8,2,3,None,0.7154471544715447
8,3,3,None,0.78
9,1,3,None,0.6954177897574124
9,2,3,None,0.7338501291989664
9,3,3,None,0.7557840616966581
10,1,3,None,0.6740331491712708
10,2,3,None,0.8019323671497585
10,3,3,None,0.7421052631578947
1,1,5,3,0.0
1,2,5,3,0.0
1,3,5,3,0.0
1,4,5,3,0.0
1,5,5,3,0.013986013986013986
2,1,5,3,0.014084507042253521
2,2,5,3,0.0
2,3,5,3,0.0
2,4,5,3,0.0
2,5,5,3,0.0
3,1,5,3,0.0
3,2,5,3,0.0
3,3,5,3,0.0
3,4,5,3,0.0
3,5,5,3,0.027777777777777776
4,1,5,3,0.0
4,2,5,3,0.0
4,3,5,3,0.0
4,4,5,3,0.0
4,5,5,3,0.013986013986013986
5,1,5,3,0.0
5,2,5,3,0.014084507042253521
5,3,5,3,0.0
5,4,5,3,0.0
5,5,5,3,0.0
6,1,5,3,0.0
6,2,5,3,0.0
6,3,5,3,0.0
6,4,5,3,0.013986013986013986
6,5,5,3,0.0
7,1,5,3,0.0
7,2,5,3,0.014084507042253521
7,3,5,3,0.0
7,4,5,3,0.0
7,5,5,3,0.0
8,1,5,3,0.0
8,2,5,3,0.0
8,3,5,3,0.0
8,4,5,3,0.0
8,5,5,3,0.0
9,1,5,3,0.0
9,2,5,3,0.0
9,3,5,3,0.0
9,4,5,3,0.013986013986013986
9,5,5,3,0.0
10,1,5,3,0.014084507042253521
10,2,5,3,0.0
10,3,5,3,0.0
10,4,5,3,0.0
10,5,5,3,0.0
1,1,5,5,0.08108108108108109
1,2,5,5,0.041666666666666664
1,3,5,5,0.0945945945945946
1,4,5,5,0.06802721088435375
1,5,5,5,0.041379310344827586
2,1,5,5,0.0684931506849315
2,2,5,5,0.041666666666666664
2,3,5,5,0.05517241379310345
2,4,5,5,0.027777777777777776
2,5,5,5,0.15584415584415584
3,1,5,5,0.027972027972027972
3,2,5,5,0.12
3,3,5,5,0.041666666666666664
3,4,5,5,0.0547945205479452
3,5,5,5,0.041379310344827586
4,1,5,5,0.013986013986013986
4,2,5,5,0.027972027972027972
4,3,5,5,0.041666666666666664
4,4,5,5,0.11920529801324503
4,5,5,5,0.08108108108108109
5,1,5,5,0.0684931506849315
5,2,5,5,0.0945945945945946
5,3,5,5,0.0684931506849315
5,4,5,5,0.06802721088435375
5,5,5,5,0.027777777777777776
6,1,5,5,0.08163265306122448
6,2,5,5,0.05517241379310345
6,3,5,5,0.05517241379310345
6,4,5,5,0.0547945205479452
6,5,5,5,0.1437908496732026
7,1,5,5,0.08163265306122448
7,2,5,5,0.08163265306122448
7,3,5,5,0.0945945945945946
7,4,5,5,0.09395973154362416
7,5,5,5,0.013888888888888888
8,1,5,5,0.0684931506849315
8,2,5,5,0.10738255033557047
8,3,5,5,0.027972027972027972
8,4,5,5,0.08108108108108109
8,5,5,5,0.0547945205479452
9,1,5,5,0.027972027972027972
9,2,5,5,0.09395973154362416
9,3,5,5,0.0684931506849315
9,4,5,5,0.06802721088435375
9,5,5,5,0.09395973154362416
10,1,5,5,0.0945945945945946
10,2,5,5,0.041666666666666664
10,3,5,5,0.05517241379310345
10,4,5,5,0.0547945205479452
10,5,5,5,0.08108108108108109
1,1,5,None,0.7521367521367521
1,2,5,None,0.7111111111111111
1,3,5,None,0.7304347826086957
1,4,5,None,0.7272727272727273
1,5,5,None,0.7639484978540773
2,1,5,None,0.74235807860262
2,2,5,None,0.8148148148148148
2,3,5,None,0.7532467532467533
2,4,5,None,0.7130434782608696
2,5,5,None,0.7639484978540773
3,1,5,None,0.773109243697479
3,2,5,None,0.7639484978540773
3,3,5,None,0.7966101694915254
3,4,5,None,0.7381974248927039
3,5,5,None,0.6872246696035242
4,1,5,None,0.6905829596412556
4,2,5,None,0.7161572052401747
4,3,5,None,0.8048780487804879
4,4,5,None,0.7763713080168776
4,5,5,None,0.7413793103448276
5,1,5,None,0.7782426778242678
5,2,5,None,0.7705627705627706
5,3,5,None,0.7542372881355932
5,4,5,None,0.7404255319148936
5,5,5,None,0.7782426778242678
6,1,5,None,0.7288888888888889
6,2,5,None,0.7848101265822784
6,3,5,None,0.7811158798283262
6,4,5,None,0.7350427350427351
6,5,5,None,0.7901234567901234
7,1,5,None,0.7717842323651453
7,2,5,None,0.7619047619047619
7,3,5,None,0.7256637168141593
7,4,5,None,0.7532467532467533
7,5,5,None,0.7404255319148936
8,1,5,None,0.6877828054298643
8,2,5,None,0.7467811158798283
8,3,5,None,0.7413793103448276
8,4,5,None,0.7983870967741935
8,5,5,None,0.7381974248927039
9,1,5,None,0.7565217391304347
9,2,5,None,0.7192982456140351
9,3,5,None,0.774468085106383
9,4,5,None,0.7639484978540773
9,5,5,None,0.7659574468085106
10,1,5,None,0.7232142857142857
10,2,5,None,0.759493670886076
10,3,5,None,0.8166666666666667
10,4,5,None,0.7186147186147186
10,5,5,None,0.7336244541484717
1,1,10,3,0.0
1,2,10,3,0.0
1,3,10,3,0.0
1,4,10,3,0.0
1,5,10,3,0.0
1,6,10,3,0.0
1,7,10,3,0.0
1,8,10,3,0.0
1,9,10,3,0.0
1,10,10,3,0.0
2,1,10,3,0.0
2,2,10,3,0.028169014084507043
2,3,10,3,0.0
2,4,10,3,0.0
2,5,10,3,0.0
2,6,10,3,0.0
2,7,10,3,0.0
2,8,10,3,0.0
2,9,10,3,0.0
2,10,10,3,0.0
3,1,10,3,0.0
3,2,10,3,0.0
3,3,10,3,0.0
3,4,10,3,0.0
3,5,10,3,0.0
3,6,10,3,0.0
3,7,10,3,0.0
3,8,10,3,0.0
3,9,10,3,0.0
3,10,10,3,0.027777777777777776
4,1,10,3,0.0
4,2,10,3,0.0
4,3,10,3,0.0
4,4,10,3,0.0
4,5,10,3,0.0
4,6,10,3,0.0
4,7,10,3,0.0
4,8,10,3,0.0
4,9,10,3,0.0
4,10,10,3,0.027777777777777776
5,1,10,3,0.0
5,2,10,3,0.0
5,3,10,3,0.028169014084507043
5,4,10,3,0.0
5,5,10,3,0.0
5,6,10,3,0.0
5,7,10,3,0.0
5,8,10,3,0.0
5,9,10,3,0.0
5,10,10,3,0.0
6,1,10,3,0.0
6,2,10,3,0.0
6,3,10,3,0.0
6,4,10,3,0.0
6,5,10,3,0.0
6,6,10,3,0.0
6,7,10,3,0.027777777777777776
6,8,10,3,0.0
6,9,10,3,0.0
6,10,10,3,0.0
7,1,10,3,0.0
7,2,10,3,0.0
7,3,10,3,0.028169014084507043
7,4,10,3,0.0
7,5,10,3,0.0
7,6,10,3,0.0
7,7,10,3,0.0
7,8,10,3,0.0
7,9,10,3,0.0
7,10,10,3,0.0
8,1,10,3,0.028169014084507043
8,2,10,3,0.0
8,3,10,3,0.0
8,4,10,3,0.0
8,5,10,3,0.0
8,6,10,3,0.0
8,7,10,3,0.0
8,8,10,3,0.0
8,9,10,3,0.0
8,10,10,3,0.0
9,1,10,3,0.0
9,2,10,3,0.0
9,3,10,3,0.0
9,4,10,3,0.0
9,5,10,3,0.0
9,6,10,3,0.0
9,7,10,3,0.027777777777777776
9,8,10,3,0.0
9,9,10,3,0.0
9,10,10,3,0.0
10,1,10,3,0.028169014084507043
10,2,10,3,0.0
10,3,10,3,0.0
10,4,10,3,0.0
10,5,10,3,0.0
10,6,10,3,0.0
10,7,10,3,0.0
10,8,10,3,0.0
10,9,10,3,0.0
10,10,10,3,0.0
1,1,10,5,0.0821917808219178
1,2,10,5,0.08108108108108109
1,3,10,5,0.0
1,4,10,5,0.13157894736842105
1,5,10,5,0.08108108108108109
1,6,10,5,0.10666666666666667
1,7,10,5,0.0547945205479452
1,8,10,5,0.08108108108108109
1,9,10,5,0.0547945205479452
1,10,10,5,0.027777777777777776
2,1,10,5,0.028169014084507043
2,2,10,5,0.05555555555555555
2,3,10,5,0.13333333333333333
2,4,10,5,0.08108108108108109
2,5,10,5,0.027777777777777776
2,6,10,5,0.027777777777777776
2,7,10,5,0.027777777777777776
2,8,10,5,0.027777777777777776
2,9,10,5,0.08108108108108109
2,10,10,5,0.0
3,1,10,5,0.028169014084507043
3,2,10,5,0.05555555555555555
3,3,10,5,0.10810810810810811
3,4,10,5,0.10526315789473684
3,5,10,5,0.10666666666666667
3,6,10,5,0.10666666666666667
3,7,10,5,0.0547945205479452
3,8,10,5,0.08108108108108109
3,9,10,5,0.027777777777777776
3,10,10,5,0.08108108108108109
4,1,10,5,0.05555555555555555
4,2,10,5,0.0
4,3,10,5,0.028169014084507043
4,4,10,5,0.027777777777777776
4,5,10,5,0.10666666666666667
4,6,10,5,0.0
4,7,10,5,0.10666666666666667
4,8,10,5,0.13157894736842105
4,9,10,5,0.027777777777777776
4,10,10,5,0.1794871794871795
5,1,10,5,0.05555555555555555
5,2,10,5,0.0
5,3,10,5,0.10810810810810811
5,4,10,5,0.08108108108108109
5,5,10,5,0.027777777777777776
5,6,10,5,0.08108108108108109
5,7,10,5,0.0547945205479452
5,8,10,5,0.027777777777777776
5,9,10,5,0.0547945205479452
5,10,10,5,0.10666666666666667
6,1,10,5,0.05555555555555555
6,2,10,5,0.0
6,3,10,5,0.05555555555555555
6,4,10,5,0.0547945205479452
6,5,10,5,0.08108108108108109
6,6,10,5,0.0
6,7,10,5,0.13157894736842105
6,8,10,5,0.0
6,9,10,5,0.13157894736842105
6,10,10,5,0.10666666666666667
7,1,10,5,0.05555555555555555
7,2,10,5,0.0821917808219178
7,3,10,5,0.0821917808219178
7,4,10,5,0.0547945205479452
7,5,10,5,0.0547945205479452
7,6,10,5,0.10666666666666667
7,7,10,5,0.0547945205479452
7,8,10,5,0.0547945205479452
7,9,10,5,0.08108108108108109
7,10,10,5,0.027777777777777776
8,1,10,5,0.0821917808219178
8,2,10,5,0.05555555555555555
8,3,10,5,0.10810810810810811
8,4,10,5,0.15584415584415584
8,5,10,5,0.0547945205479452
8,6,10,5,0.027777777777777776
8,7,10,5,0.10666666666666667
8,8,10,5,0.0547945205479452
8,9,10,5,0.0547945205479452
8,10,10,5,0.0547945205479452
9,1,10,5,0.0
9,2,10,5,0.05555555555555555
9,3,10,5,0.13333333333333333
9,4,10,5,0.0547945205479452
9,5,10,5,0.08108108108108109
9,6,10,5,0.10666666666666667
9,7,10,5,0.0547945205479452
9,8,10,5,0.0547945205479452
9,9,10,5,0.08108108108108109
9,10,10,5,0.10666666666666667
10,1,10,5,0.0821917808219178
10,2,10,5,0.0821917808219178
10,3,10,5,0.0
10,4,10,5,0.0547945205479452
10,5,10,5,0.08108108108108109
10,6,10,5,0.0
10,7,10,5,0.0273972602739726
10,8,10,5,0.027777777777777776
10,9,10,5,0.13157894736842105
10,10,10,5,0.08108108108108109
1,1,10,None,0.773109243697479
1,2,10,None,0.7704918032786885
1,3,10,None,0.7142857142857143
1,4,10,None,0.7142857142857143
1,5,10,None,0.7936507936507936
1,6,10,None,0.6666666666666666
1,7,10,None,0.7413793103448276
1,8,10,None,0.7716535433070866
1,9,10,None,0.7833333333333333
1,10,10,None,0.7899159663865546
2,1,10,None,0.819672131147541
2,2,10,None,0.6972477064220184
2,3,10,None,0.7478260869565218
2,4,10,None,0.8292682926829268
2,5,10,None,0.7543859649122807
2,6,10,None,0.7580645161290323
2,7,10,None,0.7142857142857143
2,8,10,None,0.6842105263157895
2,9,10,None,0.7627118644067796
2,10,10,None,0.7603305785123967
3,1,10,None,0.7692307692307693
3,2,10,None,0.7863247863247863
3,3,10,None,0.7256637168141593
3,4,10,None,0.8412698412698413
3,5,10,None,0.7899159663865546
3,6,10,None,0.8166666666666667
3,7,10,None,0.7627118644067796
3,8,10,None,0.7256637168141593
3,9,10,None,0.7394957983193278
3,10,10,None,0.5981308411214953
4,1,10,None,0.6666666666666666
4,2,10,None,0.7192982456140351
4,3,10,None,0.7256637168141593
4,4,10,None,0.7304347826086957
4,5,10,None,0.7933884297520661
4,6,10,None,0.773109243697479
4,7,10,None,0.7666666666666667
4,8,10,None,0.7868852459016393
4,9,10,None,0.7768595041322314
4,10,10,None,0.7413793103448276
5,1,10,None,0.8429752066115702
5,2,10,None,0.7543859649122807
5,3,10,None,0.819672131147541
5,4,10,None,0.7079646017699115
5,5,10,None,0.7368421052631579
5,6,10,None,0.7692307692307693
5,7,10,None,0.7580645161290323
5,8,10,None,0.6785714285714286
5,9,10,None,0.7936507936507936
5,10,10,None,0.7758620689655172
6,1,10,None,0.7027027027027027
6,2,10,None,0.7272727272727273
6,3,10,None,0.7457627118644068
6,4,10,None,0.7758620689655172
6,5,10,None,0.7413793103448276
6,6,10,None,0.8166666666666667
6,7,10,None,0.7058823529411765
6,8,10,None,0.7394957983193278
6,9,10,None,0.8
6,10,10,None,0.7933884297520661
7,1,10,None,0.7610619469026548
7,2,10,None,0.743801652892562
7,3,10,None,0.8166666666666667
7,4,10,None,0.7543859649122807
7,5,10,None,0.7768595041322314
7,6,10,None,0.6964285714285714
7,7,10,None,0.7627118644067796
7,8,10,None,0.7692307692307693
7,9,10,None,0.7017543859649122
7,10,10,None,0.7666666666666667
8,1,10,None,0.7586206896551724
8,2,10,None,0.6842105263157895
8,3,10,None,0.7288135593220338
8,4,10,None,0.7933884297520661
8,5,10,None,0.7863247863247863
8,6,10,None,0.7017543859649122
8,7,10,None,0.7796610169491526
8,8,10,None,0.8636363636363636
8,9,10,None,0.6785714285714286
8,10,10,None,0.7692307692307693
9,1,10,None,0.7272727272727273
9,2,10,None,0.7586206896551724
9,3,10,None,0.7478260869565218
9,4,10,None,0.7563025210084033
9,5,10,None,0.8
9,6,10,None,0.7368421052631579
9,7,10,None,0.7350427350427351
9,8,10,None,0.7692307692307693
9,9,10,None,0.6727272727272727
9,10,10,None,0.8292682926829268
10,1,10,None,0.7304347826086957
10,2,10,None,0.6915887850467289
10,3,10,None,0.6851851851851852
10,4,10,None,0.7833333333333333
10,5,10,None,0.816
10,6,10,None,0.8292682926829268
10,7,10,None,0.8217054263565892
10,8,10,None,0.7130434782608696
10,9,10,None,0.7627118644067796
10,10,10,None,0.7394957983193278
